AISelect,n,mean,median,sd
"No, and I don't plan to",3643,7.138073016744442,8.0,2.1223911059812632
"No, but I plan to soon",1135,7.110132158590308,8.0,2.080232291027881
"Yes, I use AI tools monthly or infrequently",3188,7.1094730238393975,7.0,2.021906533220726
"Yes, I use AI tools weekly",4353,7.142889960946474,7.0,1.8910539707981213
"Yes, I use AI tools daily",12599,7.289546789427733,8.0,1.9571073944073631
